atm_id,location,latitude,longitude,current_cash_lakh,forecast_demand_lakh,atm_capacity_lakh,priority,service_hours,low_demand_lakh,normal_demand_lakh,high_demand_lakh,max_delivery_lakh,opening_hour,closing_hour
A01,Salt Lake Sector V,22.5867,88.417,1.8,3.2,6.0,3,0.2,2.5600000000000005,3.2,4.16,4.2,9.0,17.0
A02,New Town,22.5958,88.4797,1.2,4.0,7.0,2,0.22,3.2,4.0,5.2,5.8,9.0,17.0
A03,Ultadanga,22.6033,88.391,1.5,2.5,5.0,2,0.18,2.0,2.5,3.25,3.5,9.0,17.0
A04,Dum Dum,22.6249,88.3904,1.0,3.0,6.0,2,0.18,2.4000000000000004,3.0,3.9000000000000004,5.0,9.0,17.0
A05,Howrah,22.5958,88.2636,1.4,3.8,6.0,3,0.2,3.04,3.8,4.9399999999999995,4.6,9.0,17.0
A06,Esplanade,22.5666,88.35,1.0,4.5,7.0,3,0.2,3.6,4.5,5.8500000000000005,6.0,9.0,17.0
A07,Park Street,22.5535,88.3515,1.3,3.0,5.0,3,0.18,2.4000000000000004,3.0,3.9000000000000004,3.7,9.0,17.0
A08,Ballygunge,22.522,88.365,1.0,3.5,6.0,2,0.18,2.8000000000000003,3.5,4.55,5.0,9.0,17.0
A09,Gariahat,22.517,88.367,0.9,4.2,7.0,3,0.2,3.3600000000000003,4.2,5.460000000000001,6.1,9.0,17.0
A10,Jadavpur,22.4997,88.3712,1.1,3.0,5.0,2,0.18,2.4000000000000004,3.0,3.9000000000000004,3.9,9.0,17.0
A11,Behala,22.5005,88.31,1.3,2.8,5.0,1,0.16,2.2399999999999998,2.8,3.6399999999999997,3.7,9.0,17.0
A12,Tollygunge,22.4988,88.346,1.0,3.2,6.0,2,0.18,2.5600000000000005,3.2,4.16,5.0,9.0,17.0
A13,Kasba,22.512,88.39,1.2,2.6,5.0,2,0.18,2.08,2.6,3.3800000000000003,3.8,9.0,17.0
A14,EM Bypass,22.518,88.405,1.1,4.0,7.0,3,0.2,3.2,4.0,5.2,5.9,9.0,17.0
A15,Science City,22.54,88.395,1.4,2.4,4.0,1,0.16,1.92,2.4,3.12,2.6,9.0,17.0
